{
	"info": {
		"_postman_id": "b5346f57-4483-45e3-9e58-0d53b68e1ba6",
		"name": "WPI",
		"schema": "https://schema.getpostman.com/json/collection/v2.1.0/collection.json",
		"_exporter_id": "29521267"
	},
	"item": [
		{
			"name": "Create player",
			"request": {
				"method": "POST",
				"header": [],
				"url": {
					"raw": "localhost:8080/player/createPlayer",
					"host": [
						"localhost"
					],
					"port": "8080",
					"path": [
						"player",
						"createPlayer"
					]
				}
			},
			"response": []
		},
		{
			"name": "start game",
			"request": {
				"auth": {
					"type": "noauth"
				},
				"method": "POST",
				"header": [],
				"url": {
					"raw": "localhost:8080/game/start",
					"host": [
						"localhost"
					],
					"port": "8080",
					"path": [
						"game",
						"start"
					]
				}
			},
			"response": []
		},
		{
			"name": "getGameId by playerId",
			"request": {
				"auth": {
					"type": "noauth"
				},
				"method": "GET",
				"header": [],
				"url": {
					"raw": "localhost:8080/game/getGameId",
					"host": [
						"localhost"
					],
					"port": "8080",
					"path": [
						"game",
						"getGameId"
					]
				}
			},
			"response": []
		},
		{
			"name": "GetListOfUnitsBy gameId",
			"request": {
				"auth": {
					"type": "noauth"
				},
				"method": "GET",
				"header": [],
				"url": {
					"raw": "localhost:8080/unit/getUnitListByGameId?gameId",
					"host": [
						"localhost"
					],
					"port": "8080",
					"path": [
						"unit",
						"getUnitListByGameId"
					],
					"query": [
						{
							"key": "gameId",
							"value": null
						}
					]
				}
			},
			"response": []
		},
		{
			"name": "getMapByActiveGameAndPlayers",
			"request": {
				"auth": {
					"type": "noauth"
				},
				"method": "POST",
				"header": [],
				"body": {
					"mode": "raw",
					"raw": "{\r\n    \"player1\": \"1\",\r\n    \"player2\": \"2\"\r\n}",
					"options": {
						"raw": {
							"language": "json"
						}
					}
				},
				"url": {
					"raw": "localhost:8080/map/getMapByActiveGameAndPlayers",
					"host": [
						"localhost"
					],
					"port": "8080",
					"path": [
						"map",
						"getMapByActiveGameAndPlayers"
					]
				}
			},
			"response": []
		},
		{
			"name": "move",
			"request": {
				"auth": {
					"type": "noauth"
				},
				"method": "POST",
				"header": [],
				"body": {
					"mode": "raw",
					"raw": "{\r\n  \"typeOfMove\": \"UP\",\r\n  \"unitEnum\": \"TRANSPORT\",\r\n  \"colorOfUnit\": \"BLACK\",\r\n  \"gameId\": \"1\",\r\n  \"player1\": \"1\",\r\n  \"unitId\": \"10\",\r\n  \"distance\": 2\r\n}",
					"options": {
						"raw": {
							"language": "json"
						}
					}
				},
				"url": {
					"raw": "localhost:8080/game/move",
					"host": [
						"localhost"
					],
					"port": "8080",
					"path": [
						"game",
						"move"
					]
				}
			},
			"response": []
		},
		{
			"name": "Attack",
			"request": {
				"auth": {
					"type": "noauth"
				},
				"method": "POST",
				"header": [],
				"body": {
					"mode": "raw",
					"raw": "{\r\n  \"typeOfShoot\": \"DOWN\",\r\n  \"unitEnum\": \"ARCHER\",\r\n  \"colorOfUnit\": \"BLACK\",\r\n  \"gameId\": \"1\",\r\n  \"player1\": \"1\",\r\n  \"unitId\": \"6\",\r\n  \"xCord\": 3,\r\n  \"yCord\":2\r\n}",
					"options": {
						"raw": {
							"language": "json"
						}
					}
				},
				"url": {
					"raw": "localhost:8080/game/attack",
					"host": [
						"localhost"
					],
					"port": "8080",
					"path": [
						"game",
						"attack"
					]
				}
			},
			"response": []
		},
		{
			"name": "GameInfo",
			"request": {
				"auth": {
					"type": "noauth"
				},
				"method": "POST",
				"header": [],
				"url": {
					"raw": "localhost:8080/game/getGameInfo?gameId=1",
					"host": [
						"localhost"
					],
					"port": "8080",
					"path": [
						"game",
						"getGameInfo"
					],
					"query": [
						{
							"key": "gameId",
							"value": "1"
						}
					]
				}
			},
			"response": []
		}
	]
}